,box_width,box_height,relative_box_area,box_aspect_ratio
count,15662.0,15662.0,15662.0,15662.0
mean,142.51589835270082,148.8135614864002,0.1682996909337814,1.0577501934954938
std,125.92694164717214,107.06733483225027,0.22168648271209615,0.7760991255056936
min,5.0,5.0,0.00032,0.0781758957654723
10%,26.0,33.0,0.005568,0.3724696356275304
25%,46.0,61.0,0.01665469205860665,0.5445544554455446
50%,97.0,121.0,0.066336,0.8492607088497499
75%,203.0,218.0,0.23357752063440687,1.3374808282208588
90%,345.0,309.0,0.5100920587570621,1.9837387387387386
max,500.0,500.0,1.0,15.03225806451613
