split,class_name,images_with_class,images_with_usable_non_difficult_class,objects_all,objects_difficult,objects_non_difficult,objects_usable_non_difficult
trainval,aeroplane,240,238,331,25,306,306
trainval,bicycle,255,243,418,65,353,353
trainval,bird,333,330,599,113,486,486
trainval,boat,188,181,398,108,290,290
trainval,bottle,262,244,634,129,505,505
trainval,bus,197,186,272,43,229,229
trainval,car,761,713,1644,394,1250,1250
trainval,cat,344,337,389,13,376,376
trainval,chair,572,445,1432,634,798,798
trainval,cow,146,141,356,97,259,259
trainval,diningtable,263,200,310,95,215,215
trainval,dog,430,421,538,28,510,510
trainval,horse,294,287,406,44,362,362
trainval,motorbike,249,245,390,51,339,339
trainval,person,2095,2008,5447,757,4690,4690
trainval,pottedplant,273,245,625,111,514,514
trainval,sheep,97,96,353,96,257,257
trainval,sofa,372,229,425,177,248,248
trainval,train,263,261,328,31,297,297
trainval,tvmonitor,279,256,367,43,324,324
train,aeroplane,191,190,254,17,237,237
train,bicycle,205,195,326,57,269,269
train,bird,266,264,464,76,388,388
train,boat,150,145,313,90,223,223
train,bottle,209,195,529,121,408,408
train,bus,159,149,221,34,187,187
train,car,609,570,1296,308,988,988
train,cat,273,270,308,7,301,301
train,chair,452,356,1131,499,632,632
train,cow,115,113,287,83,204,204
train,diningtable,211,160,249,76,173,173
train,dog,341,337,434,21,413,413
train,horse,236,230,328,35,293,293
train,motorbike,200,196,319,43,276,276
train,person,1676,1606,4361,613,3748,3748
train,pottedplant,215,196,447,73,374,374
train,sheep,78,77,275,70,205,205
train,sofa,299,183,349,148,201,201
train,train,211,209,260,26,234,234
train,tvmonitor,224,205,298,38,260,260
val,aeroplane,49,48,77,8,69,69
val,bicycle,50,48,92,8,84,84
val,bird,67,66,135,37,98,98
val,boat,38,36,85,18,67,67
val,bottle,53,49,105,8,97,97
val,bus,38,37,51,9,42,42
val,car,152,143,348,86,262,262
val,cat,71,67,81,6,75,75
val,chair,120,89,301,135,166,166
val,cow,31,28,69,14,55,55
val,diningtable,52,40,61,19,42,42
val,dog,89,84,104,7,97,97
val,horse,58,57,78,9,69,69
val,motorbike,49,49,71,8,63,63
val,person,419,402,1086,144,942,942
val,pottedplant,58,49,178,38,140,140
val,sheep,19,19,78,26,52,52
val,sofa,73,46,76,29,47,47
val,train,52,52,68,5,63,63
val,tvmonitor,55,51,69,5,64,64
